Metric,Value
MSE,0.01347738690674305
MAE,0.061332378536462784
R2,0.9511844515800476
