Metric,Value
MSE,0.01340715866535902
MAE,0.061252374202013016
R2,0.9445271492004395
